{
    "Federal": [
        [
            50197.0,
            15
        ],
        [
            100392,
            20.5
        ],
        [
            155625.0,
            26.0
        ],
        [
            221708.0,
            29
        ],
        [
            221708.0,
            33
        ]

    ],

    "Quebec": [
        [
            46295.0,
            15.0
        ],
        [
            92580.0,
            20.0
        ],
        [
            112655.0,
            24.0
        ],
        [
            112655.0,
            25.75
        ]
    ],

    "Newfoundland and Labrador": [
        [
            39147.0,
            8.7
        ],
        [
            78294.0,
            14.5
        ],
        [
            139780.0,
            15.8
        ],
        [
            195693.0,
            17.8
        ],
        [
            250000.0,
            19.8
        ]
    ],
    "Prince Edward Island": [
        [
            31984.0,
            9.8
        ],
        [
            31985.0,
            13.8
        ],
        [
            63969.0,
            16.7
        ]
    ],
    "Nova Scotia": [
        [
            29590.0,
            8.79
        ],
        [
            29590.0,
            14.95
        ],
        [
            33820.0,
            16.67
        ],
        [
            57000.0,
            17.5
        ],
        [
            150000.0,
            21.0
        ]
    ],
    "New Brunswick": [
        [
            44887.0,
            9.4
        ],
        [
            89775.0,
            14.82
        ],
        [
            145955.0,
            16.52
        ],
        [
            166280.0,
            17.84
        ],
        [
            166280.0,
            20.3
        ]
    ],
    "Ontario": [
        [
            46226.0,
            5.05
        ],
        [
            92454.0,
            9.15
        ],
        [
            150000.0,
            11.16
        ],
        [
            220000.0,
            12.16
        ],
        [
            220000.0,
            13.16
        ]
    ],
    "Manitoba": [
        [
            34431.0,
            10.8
        ],
        [
            74416.0,
            12.75
        ],
        [
            74416.0,
            17.4
        ]
    ],
    "Saskatchewan": [
        [
            46773.0,
            10.5
        ],
        [
            133638.0,
            12.5
        ],
        [
            133638.0,
            14.5
        ]
    ],
    "Alberta": [
        [
            131220.0,
            10.0
        ],
        [
            26244.0,
            12.0
        ],
        [
            52488.0,
            13.0
        ],
        [
            104976.0,
            14.0
        ],
        [
            314928.0,
            15.0
        ]
    ],
    "British Columbia": [
        [
            43070.0,
            5.06
        ],
        [
            86141.0,
            7.7
        ],
        [
            98901.0,
            10.5
        ],
        [
            120094.0,
            12.29
        ],
        [
            162832.0,
            14.7
        ],
        [
            227091.0,
            16.8
        ],
        [
            227091.0,
            20.5
        ]
    ],
    "Yukon": [
        [
            50197.0,
            6.4
        ],
        [
            100392.0,
            9.0
        ],
        [
            155625.0,
            10.9
        ],
        [
            500000.0,
            12.8
        ],
        [
            500000.0,
            15.0
        ]
    ],
    "Northwest Territories": [
        [
            45462.0,
            5.9
        ],
        [
            90927.0,
            8.6
        ],
        [
            147826.0,
            12.2
        ],
        [
            147826.0,
            14.05
        ]
    ],
    "Nunavut": [
        [
            47862.0,
            4.0
        ],
        [
            95724.0,
            7.0
        ],
        [
            155625.0,
            9.0
        ],
        [
            155625.0,
            11.5
        ]
    ]
}